customer_id,name,email,phone,address
1,Robert Taylor,juliebush@valdez.com,+91 9838148465,"78028 Bradley Ways Suite 556, Edwardtown, NE 93032"
2,Daniel Conrad,randall47@yahoo.com,+91 6853964845,"20783 Bobby Cape Apt. 210, Harrellchester, MT 76371"
3,William Johnson,sydneysmith@carr-davis.com,+91 6038078303,"60880 Figueroa Club, Janetside, CT 84894"
4,Stephanie Duran,richard94@hotmail.com,+91 8754323373,"88566 Tonya Port Apt. 628, East Lisa, AZ 62925"
5,Travis Thomas,grichmond@hotmail.com,+91 8657304180,"80555 Smith Underpass, Turnermouth, NY 66490"
6,Edward Monroe,cynthiajimenez@mcintyre.net,+91 6294050558,"4735 Santiago Port, Terryland, FL 44312"
7,Brenda Lloyd,madison01@gmail.com,+91 7359043637,"0294 Carrie Wells, Port Rachaelfort, OK 62964"
8,Tamara Moore,evansnancy@gmail.com,+91 9216447731,"25647 Austin Inlet Suite 352, North Danieltown, TX 36546"
9,Catherine Jacobson,scarter@yahoo.com,+91 8225830051,"8146 Hart Unions Suite 377, West Douglasmouth, WI 43156"
10,Brandon Davis,butlerjeffrey@morales-hunter.biz,+91 8725702132,"4453 Jeffery Street, Megantown, OK 37080"
11,Carolyn Horton,nmcmillan@hotmail.com,+91 6126342886,"57065 Danny Rapid Apt. 584, Carterbury, LA 52587"
12,Sharon Walker,murphyleah@hill.com,+91 9010520079,"Unit 6783 Box 6852, DPO AP 04936"
13,Tyler White,tkelly@wallace.com,+91 6715301776,"PSC 3339, Box 4759, APO AA 06405"
14,Scott Parker,aaron96@wilson.com,+91 9879833402,"641 Johnson Mews, Gilbertville, NE 17990"
15,Gabriel Green,gjackson@yahoo.com,+91 9970825768,"553 Carrillo Loaf, New Danielberg, CA 59015"
16,Angel Davis,patriciaclark@gmail.com,+91 9461034121,"54806 Caitlyn Course, New Carol, RI 54319"
17,Kathy Dorsey,yharris@hotmail.com,+91 7559620290,"2517 Young Garden Apt. 638, Jilliantown, SC 05704"
18,Autumn Deleon,avalencia@yahoo.com,+91 7438790984,"5754 Diaz Burgs Apt. 588, West Daltonstad, DC 76191"
19,Haley Espinoza,joshua51@hotmail.com,+91 6350820745,"04915 Emily Union, Scottside, IA 89159"
20,Michael Reeves,tbarnes@byrd-caldwell.com,+91 6519611999,"430 Tyler Bypass Suite 183, Jenniferborough, DE 09352"
21,Rebecca Lewis,abarnes@grant.com,+91 7772012769,"2928 Dylan Viaduct Suite 862, North Thomaston, NV 22044"
22,Maria Anderson,guerrerogreg@hotmail.com,+91 6127132026,"227 Walsh Fields Suite 811, Danielleton, TX 39315"
23,Misty Carroll,miguelclark@white.com,+91 6879556917,"430 William Well, Stewartmouth, WV 74607"
24,Nathan Sanders,tiffanyjones@hotmail.com,+91 6959683093,"327 Rodgers Manors Suite 957, New Tony, UT 04754"
25,Ryan Johnson,vangleah@wallace.com,+91 9527162742,"6804 Porter Ferry, North Nicoleside, VA 73107"
26,Michael Morrow,barbara08@yoder-price.com,+91 9841948972,"57820 Hughes Cape Apt. 949, Austinfort, WV 69883"
27,Michelle Greene,rayemily@oconnor.biz,+91 7646029811,"665 Ricky Courts Apt. 248, Port Adrianborough, UT 80415"
28,Vincent Wang,davidwaller@yahoo.com,+91 7678494682,"7237 Reynolds Alley Apt. 412, Adamsberg, NV 12274"
29,Linda Hudson,cynthia02@yahoo.com,+91 6495703854,"92550 Diana Trail, West Victoria, MN 93211"
30,Gina Reese,baileymichael@carr.com,+91 6962560910,"731 Brooks Lock, South Kurt, MD 38697"
31,Aaron Wells,ashepard@salas.biz,+91 8022261200,"7697 Pitts Circles, Bennettville, MN 87139"
32,Chelsea Franco,bthomas@yahoo.com,+91 9562384204,"090 Richards Fords, East Jamestown, ND 06733"
33,Stacey Sanchez,greeralexis@hotmail.com,+91 7557830487,"46539 Michael Lodge, North Janehaven, MD 46042"
34,Kevin Dalton,brandonalvarez@gmail.com,+91 9276564240,"608 Katherine Common Apt. 812, North Wendy, WI 60942"
35,Megan Hooper,jennifergonzalez@callahan-allen.biz,+91 7851124746,"802 Willis Burg Suite 716, Stevensfort, AL 28446"
36,Dana Ward,vlittle@mueller.com,+91 9958306606,"640 Katelyn Light Apt. 579, Matthewview, MN 85447"
37,April Harmon,seanroberts@hotmail.com,+91 7019757797,"506 Fitzgerald Vista Apt. 801, South Joshua, NE 67922"
38,Regina Kim,lwatson@watkins-williams.net,+91 6990727027,"4658 Harvey Lodge Suite 903, Port Jason, AL 49826"
39,Mrs. Elizabeth Williams,scott83@gmail.com,+91 8181889156,"4042 Mitchell Square Apt. 529, Lucasview, RI 91049"
40,Michelle Wood,taylordaniel@yahoo.com,+91 8599777041,"0551 Smith Track Apt. 872, Smithborough, KY 75736"
41,Megan Conner,tschneider@gmail.com,+91 9238453364,"69609 Nicholson Crossing, North Michelle, DE 84951"
42,Rodney Brown,wrightandrea@gmail.com,+91 6773306769,"921 Ryan Valley Apt. 230, Victormouth, UT 53162"
43,Barbara Holmes,mary22@hotmail.com,+91 7235651541,"219 Sharp Rue, Thompsonborough, MD 32928"
44,Linda Colon,dcarlson@gmail.com,+91 8328993315,"834 Catherine Roads, Christymouth, IL 01880"
45,Kristopher Browning,loconnell@yahoo.com,+91 6144405047,"PSC 0387, Box 5445, APO AP 23754"
46,Alicia Burgess,taylor13@yahoo.com,+91 9201394201,"24655 Garcia Stravenue, Lake Brandon, NJ 69172"
47,Kara Mcguire,amandabuckley@singleton.org,+91 9871209648,"9933 Sherry Trafficway Suite 436, Morsemouth, AL 40495"
48,Marcus Anderson,pwells@hotmail.com,+91 7074187003,"6177 Shannon Terrace, Jennifershire, WV 71970"
49,Paul Stephenson,denisethomas@warren.info,+91 6464276669,"74943 Shannon Throughway, Johnfort, CO 87899"
50,Keith Mckay,angelaprice@stewart.net,+91 7986400305,"57391 Carol Burg, West Kristen, MN 48861"
51,Barbara Warner,smithbrandon@leonard-miller.com,+91 7411135951,"51434 Diana Crossing Suite 242, Justinton, KY 30463"
52,Robert Green,candicechung@walker.com,+91 6844456096,"854 Carter Fork, Crosbyland, VT 53627"
53,David Saunders,michellesmith@gmail.com,+91 8494507324,"77893 Brian Burgs Apt. 767, Angelicaville, FL 72239"
54,James Mccarthy,durhamhunter@wood.com,+91 7694546268,"44096 Hodges Course, Alexfort, IL 57504"
55,Christopher Thompson Jr.,lindsey19@yahoo.com,+91 8835747644,"73886 Smith Hill Suite 816, North Jonathanville, WV 02453"
56,Thomas Owens,andrewrivera@hotmail.com,+91 6842632830,"80333 Michael Fields, New Nicoleborough, UT 07032"
57,Tanner Jones,caleb48@morrison.com,+91 8024795341,"586 Steven Stream Suite 071, Harrisfurt, OH 44273"
58,Kenneth Burns,coltonarmstrong@wilson.org,+91 8125906023,"USNV Schmitt, FPO AA 89778"
59,Jason Ramirez,shawnjohnson@yahoo.com,+91 9928573154,"53091 Sherman Underpass, Michaelton, VA 22788"
60,Michael Leonard,cwallace@roberts-nelson.com,+91 8750680680,"USS Lopez, FPO AP 44283"
61,Jacob Bass,garciajennifer@baker.net,+91 9588966185,"7794 Collins Village, North Michaelmouth, NY 69232"
62,Kimberly Weber,akirk@gmail.com,+91 7349542294,"881 Jeffrey Landing, South Ashleymouth, OR 54770"
63,Michael Brock,thomasgray@brown-vincent.com,+91 8309815089,"6754 Miranda Canyon, North Stephanie, MI 06367"
64,Leonard Cooper,soliver@gmail.com,+91 9441357403,"51999 John Landing, Port Alex, NE 14893"
65,Madeline Aguilar,johnbond@yahoo.com,+91 8006127924,"48397 Richard Crest, Joannabury, VT 29412"
66,Michael Hamilton,marshallmartin@turner.com,+91 6408253001,"USS Johnson, FPO AA 31015"
67,Juan Hines,carlabanks@gmail.com,+91 7518017214,"274 Juan Junctions Suite 603, Lake Andre, IN 96005"
68,Henry Smith,meganfaulkner@yahoo.com,+91 9462629141,"633 Alyssa Valleys Apt. 640, Kentport, PA 86990"
69,Melanie Alvarado,luisdavis@gmail.com,+91 9371104839,"908 Williamson Extension Apt. 307, Meganport, NJ 09071"
70,Roger Lee,kaufmanjohn@yahoo.com,+91 7187888952,"165 Sharon Pine Suite 097, Vanessabury, ND 50453"
71,Tasha Franklin,joseph25@cruz.net,+91 6273214208,"Unit 6270 Box 8574, DPO AA 39650"
72,Carrie Scott,jenniferharris@hayes.org,+91 6462756999,"5861 Sue Springs Suite 908, East Michelle, OR 51006"
73,Jennifer Cox,seanandrade@hotmail.com,+91 9433637599,"661 Peterson Station, Christinaton, AR 02197"
74,Gregory Glass,timothyroberts@flores.com,+91 7473325718,"7163 Jennifer Island, Sullivanfurt, AR 12238"
75,Heather West,abigail03@moreno-strong.net,+91 7686231880,"7489 James Creek Apt. 365, Osbornton, KS 18589"
76,Joel Young,sandraturner@lane.com,+91 7878938793,"051 Smith Course Apt. 636, South Randymouth, VA 66671"
77,Todd Schultz,mitchell49@smith.com,+91 8313002410,"1537 Velez Walk Apt. 486, East Sarah, NH 89453"
78,Courtney White,david75@porter-miller.com,+91 9387650076,"8706 Collins Square, East Jocelynhaven, IN 68062"
79,Austin Lee,brandon37@gonzales.info,+91 8354499240,"4789 Kim Spring Suite 861, South Sabrinaside, OH 90509"
80,Frederick King,jorge66@king.info,+91 7696303809,"7010 Joseph Corners, Jasonton, RI 04621"
81,James Shepard,smithmartin@tran.com,+91 9835869266,"289 Christopher Pine, Robertborough, KY 34027"
82,Jordan Jefferson,robin07@rios-potter.net,+91 8681978971,"PSC 3701, Box 9087, APO AA 92979"
83,David Johnson,james65@hotmail.com,+91 7441915407,"3940 Brianna Camp, Lake Stefaniefurt, TX 93412"
84,Linda Hardin,wolfvalerie@hotmail.com,+91 9472085874,"04504 Saunders Rapids, Lawrencebury, KS 07649"
85,Susan Walls,andrew87@abbott.com,+91 9133096497,"751 Linda Terrace Apt. 742, South Jeffrey, NY 87440"
86,Kyle Ward,qmaldonado@watts.com,+91 9359855306,"28461 Patrick Lock Suite 665, Ashleyshire, WA 58463"
87,Matthew Davis,carolynjordan@gmail.com,+91 6365649993,"47533 Garcia Union, North Erinville, WI 31502"
88,Luis Mitchell,dsloan@copeland.com,+91 7447292994,"2903 Donald Drives Apt. 586, East Amybury, HI 39546"
89,Teresa Norton,jamesdavis@hotmail.com,+91 8494850184,"66258 Campbell Plaza, West Darrenland, OR 80797"
90,Angie Smith,sue13@yahoo.com,+91 8914010338,"17152 Kaitlyn Islands, Tuckershire, LA 47359"
91,Leonard Turner,lbrown@yahoo.com,+91 8554356763,"Unit 9052 Box 6438, DPO AE 36686"
92,Brian Lewis,shannoncosta@yahoo.com,+91 6802799954,"5292 Donald Field, West Tanya, ME 10274"
93,Casey Jackson,gonzaleskristen@oliver.net,+91 9969027282,"89780 Hayes Mountain, North Helenton, TX 67095"
94,Michael Turner,csmith@hotmail.com,+91 8615375040,"63849 Gary Camp, Robinsonville, AK 41596"
95,Christopher Gray,bushjamie@galloway.info,+91 9947803751,"105 Williams Underpass Apt. 011, Lake Eric, NH 66273"
96,Vanessa Miller,sparksjennifer@daniels.com,+91 6111593234,"22728 Rivera Parkways Suite 796, Keithmouth, NM 69192"
97,Kerry Walker,cgarcia@hotmail.com,+91 9400610757,"26181 Edwards Trafficway, North Juanmouth, VT 06562"
98,Laurie Rogers,agonzalez@dudley-king.org,+91 8052257798,"7425 Daniel Loaf Apt. 218, West Mitchellfurt, AL 15333"
99,Angela Galloway,dorothyvalencia@knight-rowland.com,+91 7706299655,"746 Carolyn Ferry, Perryborough, OH 69291"
100,Tiffany Steele,jeanettejackson@fitzpatrick.org,+91 8302026838,"USNS Ross, FPO AA 91292"
