product_id,name,description,category,price,stock_quantity,supplier_id
1,itself,Attention red people enough power TV lay.,Electronics,405.47,22,69
2,activity,Ago wind soldier.,Electronics,136.6,15,91
3,along,Worry black increase describe.,Accessories,253.82,13,69
4,church,Season thank positive expert heart.,Accessories,102.74,15,23
5,event,Than sea do bit.,Accessories,125.43,43,21
6,various,Wall least lead production.,Stationery,306.81,21,59
7,rise,Both enter particular effort act yes.,Electronics,32.68,50,70
8,the,Two possible whether sign when.,Stationery,378.96,46,49
9,majority,Test cover early south relate fight.,Stationery,260.94,33,95
10,fish,Development direction nor after marriage computer while.,Electronics,388.07,27,51
11,no,Decision shoulder start say administration health either customer.,Electronics,131.46,8,65
12,ground,Employee arm eat wait remain scene detail.,Books,461.02,38,33
13,significant,You rate show meeting table husband.,Accessories,118.38,6,70
14,herself,Particularly west simply nation.,Books,324.5,48,62
15,into,Set buy kind.,Stationery,427.38,10,77
16,social,Follow player occur fire speak.,Stationery,68.68,18,82
17,upon,Kid dream choice according.,Stationery,453.34,15,84
18,late,Check maintain per idea spend.,Electronics,226.64,19,73
19,stop,Issue thousand alone where certainly behind section.,Stationery,240.01,37,33
20,like,Open speech financial eight.,Stationery,325.11,38,53
21,politics,Lead child coach field receive decade point.,Stationery,429.3,38,13
22,night,Quite other my husband budget thing.,Stationery,324.73,43,72
23,character,Street school pay name approach.,Electronics,424.25,3,87
24,accept,Far fine two church.,Stationery,244.51,37,6
25,media,Future exist wrong very significant bank wear.,Stationery,340.12,36,51
26,your,Government west per owner.,Accessories,282.31,46,41
27,economic,Music think season wife article heavy.,Accessories,383.23,34,53
28,describe,Only or would.,Books,113.78,26,76
29,myself,Else ball must.,Accessories,379.57,49,94
30,such,East investment never president clearly.,Stationery,309.22,22,99
31,stage,Medical coach too son after force wish.,Stationery,208.42,7,81
32,sign,Pattern class say Mr season could last.,Stationery,479.84,30,92
33,nearly,Indicate majority rich head major hold.,Books,209.56,28,58
34,reach,Public mother show under heart team side charge.,Books,209.55,13,80
35,represent,Employee ahead special piece break prevent.,Stationery,113.89,29,66
36,agent,Next high church ability.,Electronics,379.39,11,15
37,contain,Work decide just our much.,Stationery,128.25,47,34
38,ten,Enter contain if child their financial space.,Electronics,28.7,35,90
39,subject,Notice evening commercial direction model detail.,Electronics,226.07,2,66
40,room,Fact term bad I when power put collection.,Electronics,238.51,13,10
41,authority,Choice cut service toward set risk.,Electronics,248.62,16,85
42,position,Contain score let especially institution sing.,Books,265.02,24,8
43,tell,Animal institution computer.,Electronics,231.79,4,94
44,hand,Now seek no eat force simply local.,Stationery,245.88,47,70
45,soldier,Writer least drive story.,Books,338.25,9,78
46,kid,Never music fill imagine day.,Stationery,282.85,6,22
47,draw,Speak sometimes beautiful brother officer.,Electronics,5.0,39,49
48,soon,Address recently professional organization window song body rise.,Stationery,495.46,36,93
49,however,Recent site hospital single.,Accessories,434.28,16,37
50,reveal,Describe far other enjoy phone vote but.,Electronics,478.38,47,5
51,social,Population huge several agent soon traditional exactly.,Books,132.07,44,82
52,serious,Nothing dream teach east.,Stationery,201.63,33,13
53,better,Project woman challenge most everything.,Accessories,438.27,30,31
54,by,Approach town yes employee.,Electronics,357.63,19,96
55,bill,Simply someone manage any little American.,Books,112.96,19,46
56,including,Total eye so determine though.,Accessories,283.2,28,74
57,address,Effect hair per city.,Accessories,147.12,8,85
58,get,International performance suffer politics rather responsibility despite.,Electronics,464.41,6,45
59,pick,Everything western speak ahead art often.,Accessories,386.35,12,67
60,too,Low ok Mr cut fill option blood.,Electronics,453.44,21,1
61,increase,Role my push name cultural our relate.,Accessories,38.96,34,34
62,factor,Remain clearly measure impact.,Electronics,380.37,40,23
63,last,Style between need would put model enough.,Stationery,93.08,27,32
64,traditional,Draw continue rate writer lead indicate physical.,Stationery,291.53,38,100
65,term,Player stuff choose determine.,Books,34.05,27,41
66,can,At bag hit.,Stationery,81.03,34,91
67,present,Education paper trial the decade according prevent.,Accessories,57.42,16,64
68,control,Cup professional difference animal.,Books,461.37,36,86
69,amount,Only difference word even.,Accessories,191.99,28,6
70,prove,Home happen who attack go.,Books,446.8,26,55
71,mention,Talk successful raise learn shoulder significant civil.,Accessories,404.14,50,11
72,organization,Race arrive later shake how.,Books,386.0,35,57
73,grow,There north pull dark crime compare whether until.,Accessories,22.55,39,45
74,same,Wonder near people not even.,Stationery,471.2,25,66
75,strong,For television special oil despite administration public tell.,Electronics,235.07,30,37
76,feel,Matter word full serve religious skin.,Accessories,126.43,13,40
77,young,Scene north enough father green speak.,Books,251.53,27,79
78,feel,Strategy federal TV what.,Stationery,286.08,46,60
79,artist,Fall series join radio situation ago newspaper.,Electronics,483.12,29,40
80,argue,Attorney special apply provide specific piece she.,Stationery,272.61,7,43
81,learn,Leader cut media must particularly north performance.,Stationery,99.1,32,37
82,scientist,Night nor bed.,Books,210.0,9,80
83,cold,Agree away various way ten.,Accessories,88.77,19,15
84,difficult,Contain interest father because field although.,Electronics,453.24,29,62
85,information,Enough expert especially feel question.,Books,105.19,10,79
86,there,Even others once purpose natural model.,Accessories,112.09,44,71
87,probably,Improve never public story.,Books,218.62,33,46
88,blue,Between town article back six system style item.,Accessories,192.47,2,50
89,pull,Head them up hope call expert.,Stationery,335.78,14,78
90,wish,Buy manage notice ago.,Accessories,10.95,6,46
91,change,Activity ask quality perhaps town serious shoulder account.,Books,466.9,46,56
92,consider,Huge well other right eye.,Books,380.76,19,61
93,remain,Natural mission assume always part culture quickly.,Stationery,11.1,26,69
94,player,Road describe address item throw system southern pull.,Accessories,215.6,15,16
95,may,Peace break through more including.,Accessories,315.95,41,47
96,arrive,Body mother simply no account ground official.,Stationery,292.12,23,60
97,wide,Commercial five evidence factor budget cold meeting.,Stationery,475.79,21,16
98,letter,Institution performance center church out.,Electronics,380.02,22,62
99,remain,Hit others again sometimes institution same.,Books,418.01,29,49
100,political,After maintain think own.,Books,338.4,46,32
