supplier_id,name,contact_name,phone,email,address
1,"Anderson, Quinn and Mcgee",Jessica Williams,+91 9317233594,brownamanda@mcdowell-roberson.com,"8990 Berry Causeway, Lake Dalemouth, MS 25604"
2,"Moore, Hill and Ramirez",Jennifer Ross,+91 6913542248,oscott@flowers-moreno.com,"4388 Jessica Gateway Suite 049, Rebeccaton, NM 97857"
3,Rice LLC,Christopher Keller,+91 9275911144,melinda75@fuller.info,"4516 Jeffrey Circle Suite 006, North Sylvia, WV 53223"
4,Gonzalez PLC,Danielle Williams,+91 6333948328,wagnervalerie@hotmail.com,"280 Nelson Vista Apt. 259, South Lisaview, NM 77848"
5,Brown-Carlson,Jason Harper,+91 6208788443,ebuck@yahoo.com,"579 Jeffrey Island Suite 357, Greenborough, NH 51944"
6,"Sanchez, Reynolds and Rodriguez",Zachary Kim,+91 8668646263,richardfloyd@barry-soto.com,"4645 Lynch Ports, Port Laurieside, GA 75584"
7,"Wallace, Henry and Jimenez",Robert Robertson,+91 9549212806,amy01@ramos.org,"99435 Jessica Lights Suite 894, Reidtown, OK 68331"
8,"Simmons, Allison and Manning",Leslie Harris DDS,+91 8016355400,mdavis@hall.com,"2009 Jesus Shoal Suite 910, New Christineview, AZ 05725"
9,Bauer-Sherman,Tina Logan,+91 9773768981,wblanchard@hotmail.com,"55629 Molina Centers Suite 024, Port Leslieview, CA 59977"
10,"Olson, Johnson and Rose",Annette Collins MD,+91 7568201169,oobrien@sanchez.com,"2960 Irwin Light, Moorefort, NE 65168"
11,Wilkerson LLC,Jon Hall,+91 7971676347,dpotter@hotmail.com,"89833 Martin Circle, North Margaretbury, NV 81944"
12,"Mcgee, Torres and Reeves",Andrew Martinez,+91 7320150089,wallaceraymond@yahoo.com,"958 Alfred Freeway, Port Wesleyville, NE 58535"
13,"Peterson, Contreras and Pope",Vanessa Clarke,+91 7493130073,grahamjoshua@reynolds-turner.com,"4046 Sarah Mountain Apt. 697, Harrismouth, CA 23349"
14,Simpson-Mueller,Christopher Escobar PhD,+91 9945201058,cchan@zuniga-kemp.biz,"06841 Williams Trace Suite 242, Wellsshire, MS 53363"
15,Campbell Group,Mark Lucero,+91 9280573227,martinezmichelle@hotmail.com,"71151 Jones Extension Apt. 487, South Johnfurt, FL 03837"
16,Clements Group,William Thomas,+91 8961539005,zsavage@goodman.com,"7903 Guy Turnpike, Port Dustin, NV 76893"
17,"Mckenzie, Cooper and Richards",Tanner Brown,+91 9863913968,nreed@murphy-heath.com,"8171 Kathryn Parkway Suite 612, West Kennethland, FL 95086"
18,Parker-Gregory,Vincent Barton,+91 6881276501,steven79@martinez-contreras.net,"719 Peter Mountains Apt. 208, Jennachester, WA 65187"
19,Griffith-Huffman,Sean Nichols,+91 8437584180,stephaniestokes@yahoo.com,"21413 Ruiz Fort, South David, NV 29013"
20,Dickson-Camacho,Leah Keller,+91 9530273536,richard31@hendrix-acosta.com,"169 Shaw Brook Suite 565, North Frank, IA 80070"
21,Webb-King,Kelly Thornton,+91 8808634648,rachel45@gmail.com,"Unit 6186 Box 4353, DPO AA 46803"
22,"Stone, Lyons and Frazier",Joshua Lopez,+91 6703262969,russellromero@evans.net,"2797 Rodriguez Prairie Apt. 045, Rogerton, WI 07777"
23,Cox-Chandler,Phillip Warner,+91 7576804919,raymond93@lopez.biz,"341 Regina Estate Suite 960, Christinefort, AZ 00894"
24,Patterson and Sons,Sharon Case,+91 6272937466,travishernandez@gmail.com,"0909 Cook Causeway Apt. 021, Terrellshire, AZ 40124"
25,"Miller, Johnson and Thompson",Michaela Beck,+91 9261814791,hbyrd@gmail.com,"6848 Romero Avenue, North Adam, SC 84433"
26,Richmond Inc,Nathan Cole,+91 7421670262,turnermaurice@yahoo.com,"73499 Robert Rest Suite 048, New Davidville, VA 23418"
27,Soto PLC,Jessica Hodge,+91 6861747666,ismith@gmail.com,"80899 Steven Shore, Taylorfort, DC 76429"
28,Henderson and Sons,Kelly Adams,+91 8819026948,kristinbrooks@robertson-evans.org,"5162 Roberto Isle, Port Julie, KY 92497"
29,Graham Inc,Emma Mccall,+91 8410895430,michaelwilliams@anderson.com,"6837 Gina Port Apt. 422, Beanstad, SD 44364"
30,Dickson-Perez,Roger Martinez,+91 9281803945,donaldmejia@gmail.com,"36320 Chelsea Ports Apt. 152, New Timothybury, LA 79469"
31,Walker PLC,Robert Davis,+91 6754224419,catherinepage@conner-ibarra.com,"3904 Anna Vista, Waltersport, UT 60224"
32,"Fisher, Erickson and Soto",Frank Johnston,+91 7481293800,jfitzpatrick@gmail.com,"752 Allen Court Apt. 058, New Amy, NC 05552"
33,Reynolds Group,Joseph Burton,+91 6233730900,shelly42@webb.com,"2566 Ray Mountain Suite 812, Knoxmouth, GA 96014"
34,Brooks-Vance,Jane Arias,+91 9036685303,mcdonaldcarol@gmail.com,"PSC 1621, Box 7173, APO AP 09608"
35,Scott-Hoffman,Holly Sheppard,+91 6557413992,david75@baker.com,"723 James Coves Suite 664, West Brenda, MI 73969"
36,Carroll Ltd,Susan Baker,+91 9683856272,jlewis@davis.com,"457 Osborne Vista, Port Melanieberg, RI 87617"
37,Wilkinson LLC,Gail Knight,+91 8285810530,emily47@hotmail.com,"08091 Andrade Pike Suite 339, Port Zacharyview, AL 20204"
38,Walker Group,Jonathan Patterson,+91 6972415526,geraldclarke@smith.net,"Unit 6809 Box 4859, DPO AP 95760"
39,Gibson-Bell,Jill Foster,+91 7270577401,sherrera@hotmail.com,"953 Paige Extension, Lake Scottmouth, KY 74826"
40,Meyer Inc,Victoria Miles,+91 9303190142,judymiller@herman.com,"086 Michael Shore Suite 083, Travisview, FL 61176"
41,Stewart Inc,David Flynn,+91 6779078254,ujohnson@gibson.com,"1669 Ricardo Mountains, Port Joshua, CT 13139"
42,Miranda-Burke,Carrie Cruz,+91 9720679096,qfarley@williams.info,"04769 Casey Neck, Hicksborough, KY 79932"
43,Lee-Anderson,Andrew Harvey,+91 7315299468,georgemiller@yahoo.com,"2172 Glenn Mills, Port Christopher, MT 67360"
44,Diaz Inc,James Thompson,+91 9178240142,mbryant@thompson.org,"041 Gates Fords, New John, PA 91099"
45,"Day, Webb and Young",Nicholas Thomas,+91 6890293695,stevensonleah@mckinney.org,"37744 Thompson Avenue, Porterstad, TN 59551"
46,"Lowery, Hughes and Charles",Dennis Carey,+91 8618050362,bdavila@stout.com,"1560 Andrews Prairie Apt. 524, South Miguel, NV 44419"
47,Jackson-Thomas,Kyle Hodges,+91 8384680430,tcalhoun@mendez-smith.com,"61497 John Highway Suite 604, Sarahville, OK 48296"
48,"Reynolds, Miller and Lee",Krystal Cooper,+91 9134774555,mgarcia@mathis.org,"165 Campbell Flats, East Ashley, VT 45180"
49,Price Ltd,Robert Baker,+91 9177889665,simsjustin@hotmail.com,"56976 Johnson Underpass Suite 120, East Douglas, NV 68279"
50,Miller LLC,Christian Taylor,+91 8632105953,lindsey51@chang.net,"90993 Karen Well, North Aaronbury, AL 61078"
51,Zimmerman PLC,Sheila Burton,+91 9063038627,sherrybullock@hotmail.com,"34066 Shawna Summit Suite 981, Melindaside, NM 01006"
52,Lopez-Watson,Kim Lewis,+91 7905996483,traci02@fields-villa.com,"5975 Angel Run Apt. 896, Wilcoxberg, MI 96294"
53,Reed-Gutierrez,Cathy Castaneda,+91 9643715116,nicholasbrown@hoffman.net,"9173 Patel Ways Apt. 205, Colemanland, CT 22065"
54,Humphrey-Brown,Alexandra Navarro,+91 6461658214,dunnpaula@white.com,"532 Joseph Inlet Apt. 211, Tammymouth, KY 09133"
55,Franklin-Hughes,Michael Khan,+91 8738770600,ehays@sims.com,"566 Henry Villages, Maryville, ID 36482"
56,Brown LLC,Matthew Perkins,+91 7106822222,rebecca45@hotmail.com,"304 Eric Inlet, Barbaraborough, DE 81743"
57,Mack-Walker,Cheryl Ward,+91 6031399830,yperry@gmail.com,"94195 Salazar Crest Suite 060, Port Phillip, MO 64324"
58,Smith PLC,Katherine Manning,+91 7107998148,pamela70@yahoo.com,"98512 Mason Mall, West Jonathon, MN 07377"
59,Douglas-Payne,Timothy Smith,+91 6571575505,michelle48@yahoo.com,"15779 Rebecca Plains Suite 020, Acostabury, ME 10471"
60,Johnson-Gardner,Charles Bond,+91 9541366879,dawncampos@hotmail.com,"64494 Macias Plain, New Alisonfort, VA 95501"
61,"Roberts, Rodriguez and Lee",Curtis Rodriguez,+91 8303057265,andrew87@mason.com,"815 Melissa Inlet, Lisaland, TX 06728"
62,"Fletcher, Campbell and Wright",Lucas Riggs,+91 6757024766,seth65@gmail.com,"794 Castro Lodge Apt. 946, Lake Annafurt, IN 84907"
63,Thomas PLC,Justin Farrell,+91 8270132502,vargaspeter@keller.info,"3866 Jenkins Oval Apt. 540, West Jeremyton, NE 72208"
64,White-Noble,Laura Brooks,+91 6920489327,stephenramos@stanley.com,"90552 Jeanette Roads Suite 084, Gilesland, OK 91270"
65,Austin Inc,Chloe Flores,+91 9659546908,josephmoore@hotmail.com,"USNV Yang, FPO AA 44137"
66,"Flores, Ross and Rivera",William Huang,+91 7304846201,margaret43@hotmail.com,"572 Boyd Circles Apt. 852, Lake Dustin, NV 09864"
67,"Richmond, Bennett and Hill",Wendy Harrington,+91 7577630091,jillcrosby@yahoo.com,"PSC 6361, Box 9509, APO AE 64296"
68,Mullins Group,Tiffany Rodriguez,+91 9841649780,silvacarol@gmail.com,"10312 Martin Alley, Amandahaven, MT 39053"
69,Murray-Watson,Shannon Austin,+91 7858419767,tanya72@contreras.net,"38928 Terry Expressway, Martinezstad, ME 20346"
70,Shepherd-Moore,Michael Hicks,+91 9171958423,richardsonrobin@wiggins-beck.com,"665 Brock Ports, West Christopherborough, MS 85851"
71,Hammond-Wagner,Jose Martinez,+91 6456808026,ymolina@briggs.com,"22603 Martin Heights Suite 567, West Adammouth, SD 84272"
72,Foster-Tucker,Karen Berry,+91 9017245522,martinlisa@watson-vargas.com,"1971 Chavez Courts Apt. 284, Brianbury, NY 06946"
73,Marquez Group,Denise Harris,+91 7094175881,lpatterson@moss.net,"003 Acosta Extension Suite 069, Gonzalezton, IN 70093"
74,Hull Group,Betty Johnson,+91 9126772757,virginia47@mendoza.biz,"47792 Kimberly Rapid Apt. 183, Lake Darrylside, KS 32675"
75,Soto and Sons,Anthony Rosales,+91 6672123235,scott74@hotmail.com,"9954 Laura Divide Apt. 987, Emilyville, MD 64616"
76,Ellis PLC,Melanie Bowers,+91 9606509795,janicemills@flores-dominguez.com,"USNS Gordon, FPO AP 20189"
77,"Sanders, Moran and Ray",Terry Hill,+91 9762194259,wchambers@taylor.biz,"2698 Michelle Plaza Suite 081, New Doris, DC 36384"
78,"Levy, Zuniga and Obrien",Jerry Monroe,+91 7781862781,tracyhamilton@gmail.com,"65662 Stephens Station, New Elizabeth, IN 96925"
79,Simon-Carter,Robert Matthews,+91 8362177539,kellypamela@hotmail.com,"437 Butler Loaf, South Robert, KY 88980"
80,"Fitzgerald, Stout and Harrison",Rebecca Gillespie,+91 6744447415,meganprice@clayton-williams.biz,"61509 Morris Shoal Apt. 573, Jonesland, ME 66630"
81,Clay-Cervantes,Abigail Evans,+91 9805566241,turnersarah@yahoo.com,"2832 Hanna Mission, Port Christopher, WY 35867"
82,Patterson-Cox,Caitlin Adkins,+91 7016537649,rdecker@hotmail.com,"4073 Diaz Viaduct, Lake Meghanberg, CT 94618"
83,Roberts-Murphy,Kenneth Morgan,+91 8857534367,jayroth@flynn-kelly.com,"96417 Martinez Pines Apt. 588, Marymouth, PA 74455"
84,"Johnson, Barnes and Knight",Megan Jordan,+91 9810572086,kfry@ford.info,"05930 Daniels Rapid, New Michaelport, MD 37800"
85,"Thompson, Serrano and Aguilar",Mr. Robert Dominguez,+91 7605910237,jacob93@payne.com,"854 Cassandra Ramp, Costatown, MI 81609"
86,Williams-Andersen,Jessica Sandoval,+91 6199316073,qblair@evans.com,"853 Stanley Curve Apt. 553, Lake Anthony, WI 81671"
87,Nelson-Jackson,Jason Leach,+91 9064848750,kimberlynovak@gmail.com,"58575 Joseph Landing, West Shannon, HI 55839"
88,Brandt Inc,Ryan Turner,+91 6080300597,zknapp@yahoo.com,"USNV Yu, FPO AP 77684"
89,Moore and Sons,Jeffrey Hernandez,+91 6770336444,danamatthews@williams.net,"331 Hoffman Square, Ambershire, IN 43472"
90,"Hall, Johnson and Smith",Robert Hampton,+91 8152441475,dennis88@james.org,"51015 Michael Springs Apt. 969, Andersonborough, WV 84379"
91,Stewart Ltd,Edgar Nichols,+91 9545616185,meganpoole@johnson-grant.info,"76191 Mark Track, Sarashire, NH 56328"
92,Russo-Weaver,Jacqueline Warner,+91 8494322413,umann@hotmail.com,"76733 Alison Knoll, East Jason, SC 51246"
93,"Curtis, Gonzales and Henry",Courtney Wilson,+91 8306836666,pamela95@yahoo.com,"570 Amy Curve Suite 905, Mackbury, AZ 13984"
94,"Fry, Johnson and French",John Nelson,+91 9072190151,ssolis@ewing.org,"454 Brittney Streets, Lake Kayla, IA 87612"
95,Solis-Mitchell,Nancy Nguyen,+91 7195681066,phillip10@gmail.com,"1169 Michael Estate, Oliverchester, DE 25589"
96,White-Maxwell,Randy Reynolds,+91 8641212622,moratammy@hotmail.com,"9417 Kimberly Keys, Mclaughlinmouth, RI 82411"
97,Hayes Ltd,Joseph Barber,+91 9854305371,vrodriguez@harris-pace.com,"Unit 0450 Box 4547, DPO AA 38105"
98,Johnson Inc,Crystal Singleton,+91 9551648008,debra05@gmail.com,"2300 Morris Ways, Vasquezfurt, NH 83309"
99,Quinn-Ramirez,Gabriel Christian,+91 6910180854,rromero@ritter.com,"8741 Johnson Port Suite 762, Lake Melissafurt, TX 63333"
100,"Stevenson, Ward and Merritt",William Williams,+91 7571591303,timothyroy@weber-johnson.com,"81060 James Passage Suite 708, West Derrick, PA 66129"
